{
    "0": [
        [
            0.8799021075012113,
            -0.408735608247791,
            0.24229627270190293,
            0.5592280030250549
        ],
        [
            -0.40429676575580975,
            -0.9119334007604029,
            -0.0701541002148719,
            0.08692529797554016
        ],
        [
            0.24963254277901845,
            -0.03623085877915008,
            -0.9676626056936407,
            0.5072807669639587
        ],
        [
            0.0,
            0.0,
            0.0,
            1.0
        ]
    ],
    "1": [
        [
            0.8697903198472428,
            -0.48929925773925115,
            0.0636477483957524,
            0.5447437167167664
        ],
        [
            -0.47540344396925277,
            -0.7964871479360649,
            0.37363055099234915,
            0.020029712468385696
        ],
        [
            -0.1321225376769788,
            -0.35523859524056606,
            -0.9253913634183673,
            0.5418200492858887
        ],
        [
            0.0,
            0.0,
            0.0,
            1.0
        ]
    ],
    "2": [
        [
            0.5958231028992438,
            -0.7673262140046866,
            0.23707659385260066,
            0.5059829354286194
        ],
        [
            -0.7939361138701866,
            -0.5182600451621637,
            0.317918185515107,
            -0.21085785329341888
        ],
        [
            -0.12107963141760585,
            -0.37764666937462277,
            -0.9179993006348266,
            0.5526481866836548
        ],
        [
            0.0,
            0.0,
            0.0,
            1.0
        ]
    ],
    "3": [
        [
            0.6919507305325404,
            -0.703376252123721,
            0.16268384819603948,
            0.4796321392059326
        ],
        [
            -0.6442112009320704,
            -0.49984958394617973,
            0.5789147795854682,
            -0.19060635566711426
        ],
        [
            -0.3258774541283028,
            -0.5053832618688704,
            -0.7989941448556662,
            0.4926341474056244
        ],
        [
            0.0,
            0.0,
            0.0,
            1.0
        ]
    ],
    "4": [
        [
            0.5509992021992133,
            -0.8061943089018391,
            0.2155240484728242,
            0.45663583278656006
        ],
        [
            -0.6147714131803803,
            -0.2174968381671153,
            0.7581234958260465,
            -0.2966940104961395
        ],
        [
            -0.5643190486879106,
            -0.5502234652226252,
            -0.6154657988924955,
            0.3854326605796814
        ],
        [
            0.0,
            0.0,
            0.0,
            1.0
        ]
    ],
    "5": [
        [
            0.5047807219661051,
            -0.7452135978700752,
            0.43572137459724786,
            0.47377485036849976
        ],
        [
            -0.8149256898589131,
            -0.24486276698374182,
            0.525298339377767,
            -0.35265055298805237
        ],
        [
            -0.2847675240250402,
            -0.6202410167786416,
            -0.7308957096371853,
            0.5431995987892151
        ],
        [
            0.0,
            0.0,
            0.0,
            1.0
        ]
    ],
    "6": [
        [
            0.8180584978479264,
            -0.5386275060541796,
            0.20164499453407947,
            0.578521728515625
        ],
        [
            -0.24538554444307883,
            -0.643966905100285,
            -0.7246327067652513,
            0.23574645817279816
        ],
        [
            0.5201598107093319,
            0.5433111768198916,
            -0.6589740028752398,
            0.4454927444458008
        ],
        [
            0.0,
            0.0,
            0.0,
            1.0
        ]
    ],
    "7": [
        [
            0.8568586557431299,
            -0.4431330046177504,
            0.2634888693977812,
            0.4451753497123718
        ],
        [
            -0.12449044715539515,
            -0.6738002509000056,
            -0.7283511175622229,
            0.3657473623752594
        ],
        [
            0.500295285451628,
            0.5912921123315734,
            -0.63251740311974,
            0.5052322745323181
        ],
        [
            0.0,
            0.0,
            0.0,
            1.0
        ]
    ],
    "8": [
        [
            0.6969901295197154,
            -0.6277385998046523,
            0.34662517171634444,
            0.4126744866371155
        ],
        [
            -0.14054663354980917,
            -0.5935967638627666,
            -0.792394804203982,
            0.3917961120605469
        ],
        [
            0.703172385087687,
            0.5035743562245262,
            -0.5019576322790082,
            0.5244029760360718
        ],
        [
            0.0,
            0.0,
            0.0,
            1.0
        ]
    ],
    "9": [
        [
            0.18236535755136574,
            -0.8645992197809085,
            0.4681998136687015,
            0.2435554713010788
        ],
        [
            -0.34514033334003796,
            -0.5021745902000915,
            -0.7929053103992291,
            0.3636760711669922
        ],
        [
            0.9206633622921518,
            -0.016996179324027305,
            -0.3899873116157697,
            0.7123354077339172
        ],
        [
            0.0,
            0.0,
            0.0,
            1.0
        ]
    ]
}