{
    "0": [
        [
            0.8332652835945554,
            -0.5490019981842168,
            0.06531288652189725,
            0.13989959955215454
        ],
        [
            -0.552535161945546,
            -0.8227929009969567,
            0.1331042331513968,
            0.10737401992082596
        ],
        [
            -0.019335510593057836,
            -0.14699880291604206,
            -0.9889476679639607,
            0.21956748962
        ],
        [
            0.0,
            0.0,
            0.0,
            1.0
        ]
    ],
    "1": [
        [
            0.8332675998181909,
            -0.5489990130499703,
            0.06530842796599584,
            0.18982286453247
        ],
        [
            -0.5525316143659279,
            -0.822795733616297,
            0.13310144953756553,
            0.50737623274326324
        ],
        [
            -0.019337068532035248,
            -0.1469940965242419,
            -0.9889483370569006,
            0.2429306983948
        ],
        [
            0.0,
            0.0,
            0.0,
            1.0
        ]
    ],
    "2": [
        [
            0.8332692958589969,
            -0.5489954395323237,
            0.0653168274747249,
            0.585266685486
        ],
        [
            -0.5525292956534668,
            -0.8227971010824633,
            0.13310262166831752,
            0.57500339746475
        ],
        [
            -0.019330235987595503,
            -0.1469997885134741,
            -0.988947624575568,
            0.4455533027649
        ],
        [
            0.0,
            0.0,
            0.0,
            1.0
        ]
    ],
    "3": [
        [
            0.8332694360806144,
            -0.5489956306559429,
            0.06531343211452331,
            0.6101451874
        ],
        [
            -0.5525290078321745,
            -0.8227974748108636,
            0.13310150618554042,
            0.304647874832
        ],
        [
            -0.019332418314526114,
            -0.14699698284505733,
            -0.9889479989547288,
            0.5414446592330933
        ],
        [
            0.0,
            0.0,
            0.0,
            1.0
        ]
    ],
    "4": [
        [
            0.833266710748083,
            -0.5489998533037884,
            0.0653127080397777,
            0.33989882469177246
        ],
        [
            -0.5525330683609518,
            -0.8227947250624427,
            0.13310164828825582,
            0.10737468302249908
        ],
        [
            -0.019333833730072397,
            -0.14699660364048456,
            -0.9889480276493098,
            0.5414446592330933
        ],
        [
            0.0,
            0.0,
            0.0,
            1.0
        ]
    ]
}